{"platform": "qw5q_gold_qblox", "qubit": 2, "depth": 7, "nsequences": 100, "nshots": 10000, "execution_times": [2.119920492172241, 1.471297264099121, 1.4794809818267822, 1.4650638103485107, 1.4803071022033691, 1.480851650238037, 1.4794244766235352, 1.4630932807922363, 1.4627938270568848, 1.4810473918914795, 1.4805903434753418, 1.480471134185791, 1.478844165802002, 1.470384120941162, 1.4726829528808594, 1.4743857383728027, 1.4711999893188477, 1.4538459777832031, 1.4662439823150635, 1.4909825325012207, 1.4436419010162354, 1.477698564529419, 1.4801833629608154, 1.454068899154663, 1.4641077518463135, 1.471247911453247, 1.4617226123809814, 1.4610397815704346, 1.4696381092071533, 1.4544224739074707, 1.4702847003936768, 1.4851624965667725, 1.4848077297210693, 1.480515718460083, 1.4616334438323975, 1.4547975063323975, 1.4583353996276855, 1.4742686748504639, 1.4546153545379639, 1.4543018341064453, 1.4784140586853027, 1.4626057147979736, 1.456566333770752, 1.4607751369476318, 1.4783718585968018, 1.4617919921875, 1.462132453918457, 1.4701316356658936, 1.4795563220977783, 1.470871925354004, 1.4775211811065674, 1.4721193313598633, 1.4713432788848877, 1.4777271747589111, 1.4696147441864014, 1.4686639308929443, 1.4544203281402588, 1.4768223762512207, 1.4616343975067139, 1.4701941013336182, 1.4698419570922852, 1.4701147079467773, 1.4685792922973633, 1.477283239364624, 1.473656177520752, 1.463489294052124, 1.4748802185058594, 1.4580013751983643, 1.4640636444091797, 1.4700348377227783, 1.4697797298431396, 1.474036693572998, 1.4650967121124268, 1.456369161605835, 1.463510513305664, 1.4798364639282227, 1.471580982208252, 1.4899325370788574, 1.4732074737548828, 1.4493303298950195, 1.3700001239776611, 1.4701077938079834, 1.4800987243652344, 1.4646623134613037, 1.4640753269195557, 1.4702224731445312, 1.4463298320770264, 1.4626686573028564, 1.4867255687713623, 1.4798343181610107, 1.4418790340423584, 1.4545471668243408, 1.4783973693847656, 1.4854066371917725, 1.478273630142212, 1.4701683521270752, 1.4632713794708252, 1.4612836837768555, 1.4717023372650146, 1.469346523284912], "sequences": [[0, 2, 1, 0, 1, 2, 1], [1, 2, 0, 1, 1, 0, 1], [0, 2, 1, 2, 1, 2, 2], [1, 2, 1, 0, 2, 0, 0], [0, 2, 2, 2, 1, 2, 1], [1, 2, 2, 0, 2, 1, 2], [2, 2, 1, 1, 1, 0, 1], [0, 0, 2, 1, 2, 1, 0], [0, 0, 2, 1, 0, 1, 1], [1, 1, 1, 1, 0, 1, 2], [2, 1, 1, 0, 2, 1, 1], [1, 2, 0, 2, 1, 1, 1], [2, 2, 1, 1, 1, 1, 0], [2, 2, 0, 1, 2, 0, 1], [1, 2, 0, 1, 1, 2, 0], [2, 2, 2, 1, 1, 0, 0], [2, 2, 0, 2, 0, 2, 1], [1, 2, 0, 0, 1, 0, 0], [1, 0, 0, 2, 0, 2, 1], [2, 2, 2, 1, 1, 2, 1], [0, 0, 1, 0, 0, 0, 2], [2, 2, 0, 1, 1, 2, 2], [2, 2, 0, 1, 2, 1, 2], [0, 0, 2, 1, 0, 1, 0], [0, 1, 2, 2, 0, 0, 2], [1, 2, 0, 0, 1, 2, 2], [1, 0, 0, 2, 1, 0, 1], [0, 0, 1, 1, 1, 2, 0], [1, 0, 1, 2, 0, 1, 2], [1, 0, 0, 0, 1, 1, 0], [1, 0, 1, 2, 0, 2, 1], [1, 2, 1, 2, 1, 2, 1], [1, 1, 2, 1, 1, 1, 1], [0, 2, 1, 1, 1, 1, 2], [1, 1, 0, 1, 0, 0, 0], [1, 0, 0, 0, 0, 2, 1], [0, 0, 2, 0, 2, 1, 2], [0, 1, 1, 0, 2, 1, 2], [1, 1, 0, 0, 0, 1, 0], [2, 0, 2, 0, 0, 0, 1], [1, 0, 1, 1, 1, 1, 1], [0, 2, 2, 1, 0, 2, 0], [0, 1, 0, 2, 2, 0, 0], [0, 0, 2, 2, 2, 0, 2], [2, 2, 2, 0, 1, 2, 2], [1, 1, 0, 0, 1, 0, 1], [1, 0, 2, 0, 0, 1, 1], [1, 0, 0, 2, 1, 2, 1], [2, 1, 1, 2, 1, 0, 2], [0, 1, 1, 0, 2, 1, 1], [1, 2, 2, 1, 2, 1, 0], [1, 1, 2, 2, 2, 0, 0], [1, 1, 0, 0, 2, 2, 2], [2, 2, 2, 1, 2, 2, 0], [0, 1, 2, 0, 1, 1, 1], [2, 2, 2, 1, 0, 2, 0], [2, 0, 0, 1, 0, 2, 0], [0, 1, 1, 2, 2, 1, 2], [1, 2, 2, 0, 0, 0, 1], [2, 0, 2, 2, 2, 1, 0], [1, 0, 2, 1, 0, 2, 2], [0, 1, 2, 2, 0, 1, 2], [2, 0, 1, 2, 0, 2, 1], [1, 2, 2, 2, 1, 0, 0], [0, 1, 1, 1, 1, 0, 1], [0, 1, 0, 2, 0, 2, 1], [1, 2, 2, 1, 0, 0, 1], [2, 0, 0, 2, 0, 0, 1], [2, 0, 0, 2, 2, 0, 2], [2, 1, 0, 0, 2, 2, 1], [0, 1, 1, 0, 1, 2, 1], [0, 1, 1, 2, 0, 2, 1], [1, 1, 0, 0, 2, 0, 2], [0, 1, 2, 1, 0, 0, 0], [0, 2, 0, 1, 0, 2, 1], [1, 1, 2, 0, 1, 1, 1], [0, 2, 2, 1, 1, 2, 0], [2, 2, 2, 2, 1, 1, 2], [0, 2, 2, 2, 1, 1, 0], [2, 1, 2, 2, 0, 1, 1], [2, 0, 1, 0, 1, 1, 0], [1, 1, 1, 1, 0, 1, 2], [1, 0, 2, 1, 2, 2, 1], [1, 1, 2, 2, 0, 0, 0], [2, 0, 2, 1, 0, 2, 0], [2, 0, 2, 1, 1, 1, 0], [0, 1, 0, 0, 1, 2, 0], [0, 2, 0, 1, 0, 1, 1], [2, 1, 1, 2, 2, 2, 2], [1, 1, 1, 1, 0, 2, 1], [0, 1, 0, 1, 0, 0, 0], [0, 1, 2, 2, 0, 0, 0], [2, 2, 2, 1, 1, 0, 1], [1, 1, 1, 1, 2, 1, 1], [1, 2, 0, 2, 1, 2, 1], [2, 0, 1, 0, 1, 1, 2], [0, 2, 0, 1, 1, 2, 0], [2, 2, 0, 1, 0, 2, 0], [2, 0, 1, 0, 1, 1, 2], [0, 1, 1, 2, 1, 1, 0]], "hardware_probabilities": [[0.6161, 0.3839], [0.9644, 0.0356], [0.4992, 0.5008], [0.7113, 0.2887], [0.6124, 0.3876], [0.575, 0.425], [0.17120000000000002, 0.8288], [0.49050000000000005, 0.5095], [0.5698, 0.4302], [0.6834, 0.3166], [0.9533, 0.0467], [0.9251, 0.0749], [0.1674, 0.8326], [0.9395, 0.0605], [0.6740999999999999, 0.3259], [0.6314, 0.3686], [0.6201, 0.3799], [0.2683, 0.7317], [0.2177, 0.7823], [0.629, 0.371], [0.8813, 0.1187], [0.1763, 0.8237], [0.5161, 0.4839], [0.38170000000000004, 0.6183], [0.7226, 0.2774], [0.8589, 0.1411], [0.3617, 0.6383], [0.5616, 0.4384], [0.8967, 0.1033], [0.6364000000000001, 0.3636], [0.7034, 0.2966], [0.5121, 0.4879], [0.6758, 0.3242], [0.17600000000000005, 0.824], [0.6327, 0.3673], [0.36950000000000005, 0.6305], [0.5242, 0.4758], [0.9332, 0.0668], [0.6514, 0.3486], [0.4494, 0.5506], [0.21140000000000003, 0.7886], [0.4223, 0.5777], [0.6543, 0.3457], [0.9573, 0.0427], [0.45399999999999996, 0.546], [0.9339, 0.0661], [0.4325, 0.5675], [0.41059999999999997, 0.5894], [0.47150000000000003, 0.5285], [0.5469999999999999, 0.453], [0.5609, 0.4391], [0.4252, 0.5748], [0.4254, 0.5746], [0.5321, 0.4679], [0.9507, 0.0493], [0.9435, 0.0565], [0.28480000000000005, 0.7152], [0.5135000000000001, 0.4865], [0.23129999999999995, 0.7687], [0.4635, 0.5365], [0.9244, 0.0756], [0.6633, 0.3367], [0.6376999999999999, 0.3623], [0.17400000000000004, 0.826], [0.5113, 0.4887], [0.19810000000000005, 0.8019], [0.4877, 0.5123], [0.36750000000000005, 0.6325], [0.9552, 0.0448], [0.4314, 0.5686], [0.9325, 0.0675], [0.7334, 0.2666], [0.8726, 0.1274], [0.19630000000000003, 0.8037], [0.4485, 0.5515], [0.4485, 0.5515], [0.47140000000000004, 0.5286], [0.6143000000000001, 0.3857], [0.6242, 0.3758], [0.5127999999999999, 0.4872], [0.6538999999999999, 0.3461], [0.6748000000000001, 0.3252], [0.46340000000000003, 0.5366], [0.9361, 0.0639], [0.4498, 0.5502], [0.6968, 0.3032], [0.8125, 0.1875], [0.6449, 0.3551], [0.4216, 0.5784], [0.41000000000000003, 0.59], [0.22209999999999996, 0.7779], [0.6731, 0.3269], [0.7413000000000001, 0.2587], [0.4706, 0.5294], [0.4821, 0.5179], [0.18430000000000002, 0.8157], [0.1874, 0.8126], [0.43679999999999997, 0.5632], [0.17989999999999995, 0.8201], [0.5510999999999999, 0.4489]]}