{"nsequences": [25, 25, 25, 25], "sequence_creation_time": [0.01804351806640625, 0.017809391021728516, 0.017183780670166016, 0.016813278198242188], "execution_time": [10.600184202194214, 10.578415155410767, 10.548847198486328, 10.47830057144165], "sequences": [[0, 0, 0, 1, 0, 2, 2], [0, 1, 2, 2, 1, 0, 0], [1, 1, 2, 1, 1, 2, 0], [2, 1, 2, 2, 1, 1, 0], [2, 1, 0, 1, 0, 1, 1], [0, 2, 2, 0, 0, 1, 1], [0, 2, 1, 1, 2, 1, 2], [2, 1, 0, 0, 1, 2, 1], [2, 2, 1, 1, 2, 1, 0], [0, 1, 0, 2, 0, 1, 2], [2, 0, 1, 1, 0, 1, 1], [1, 1, 2, 2, 2, 2, 2], [2, 2, 2, 2, 1, 0, 2], [0, 2, 1, 1, 1, 0, 2], [2, 0, 0, 1, 0, 0, 1], [0, 1, 1, 2, 2, 2, 1], [1, 0, 1, 2, 2, 1, 0], [0, 0, 1, 2, 2, 0, 1], [1, 2, 0, 1, 2, 2, 0], [2, 2, 0, 2, 0, 2, 0], [0, 2, 1, 2, 2, 2, 2], [1, 0, 1, 2, 2, 2, 1], [2, 0, 1, 0, 0, 0, 1], [0, 0, 2, 1, 2, 1, 1], [0, 2, 1, 0, 1, 0, 2], [0, 2, 0, 1, 0, 0, 1], [1, 2, 0, 0, 2, 2, 0], [0, 2, 2, 0, 1, 2, 0], [0, 1, 2, 1, 2, 0, 2], [0, 2, 0, 1, 1, 2, 1], [0, 1, 1, 2, 1, 2, 1], [2, 1, 0, 1, 0, 2, 2], [1, 0, 0, 0, 2, 2, 0], [2, 1, 0, 2, 2, 2, 2], [1, 1, 1, 2, 1, 0, 2], [1, 1, 1, 0, 2, 0, 0], [1, 1, 0, 2, 2, 1, 2], [2, 1, 2, 2, 0, 2, 2], [0, 0, 2, 0, 1, 2, 2], [1, 1, 0, 1, 2, 1, 2], [1, 2, 1, 2, 0, 2, 0], [2, 2, 1, 1, 0, 1, 0], [2, 0, 2, 1, 1, 1, 2], [1, 0, 0, 1, 1, 0, 0], [0, 0, 0, 2, 0, 0, 2], [1, 0, 1, 1, 2, 2, 2], [1, 2, 1, 1, 1, 0, 2], [0, 2, 2, 0, 0, 0, 0], [0, 0, 0, 2, 0, 1, 1], [1, 2, 0, 2, 2, 1, 1], [1, 2, 1, 2, 0, 2, 0], [2, 1, 1, 0, 2, 1, 1], [0, 1, 1, 2, 2, 1, 0], [1, 0, 0, 1, 1, 1, 0], [0, 1, 2, 2, 2, 0, 1], [0, 1, 2, 1, 2, 1, 0], [0, 2, 1, 1, 0, 1, 1], [2, 1, 2, 0, 0, 0, 0], [2, 0, 0, 1, 1, 1, 0], [2, 1, 0, 2, 0, 0, 1], [2, 0, 0, 2, 0, 0, 2], [2, 1, 1, 0, 1, 0, 1], [1, 2, 0, 0, 2, 2, 0], [1, 2, 2, 0, 1, 1, 2], [0, 1, 0, 0, 1, 0, 0], [0, 1, 1, 1, 0, 2, 2], [0, 0, 2, 1, 2, 1, 0], [1, 1, 2, 0, 2, 0, 1], [0, 2, 1, 1, 1, 0, 2], [2, 2, 1, 1, 1, 1, 0], [0, 1, 1, 0, 2, 2, 2], [2, 1, 2, 0, 2, 0, 1], [2, 0, 0, 1, 2, 2, 0], [0, 2, 2, 2, 2, 2, 0], [2, 2, 0, 2, 1, 0, 2], [2, 0, 1, 2, 1, 2, 0], [0, 1, 0, 0, 0, 1, 1], [1, 1, 1, 2, 2, 0, 1], [1, 1, 2, 1, 2, 1, 2], [1, 2, 2, 2, 1, 0, 2], [2, 0, 1, 2, 1, 0, 0], [1, 0, 1, 2, 1, 0, 2], [2, 0, 0, 0, 2, 1, 0], [0, 2, 1, 2, 0, 0, 1], [1, 1, 1, 0, 1, 2, 2], [0, 0, 0, 2, 2, 0, 2], [2, 1, 2, 1, 1, 2, 2], [1, 0, 1, 0, 2, 1, 1], [0, 2, 0, 2, 1, 1, 0], [1, 1, 0, 1, 0, 1, 0], [2, 1, 0, 0, 2, 0, 0], [0, 2, 2, 2, 1, 0, 0], [1, 2, 0, 1, 2, 2, 0], [0, 2, 0, 2, 0, 2, 1], [2, 0, 0, 0, 0, 2, 0], [1, 0, 1, 0, 0, 0, 1], [2, 0, 2, 1, 1, 1, 1], [1, 1, 1, 0, 2, 0, 2], [0, 2, 0, 0, 0, 2, 0], [1, 0, 2, 1, 0, 2, 0]], "hardware_probabilities": [[0.6456, 0.3544], [0.16400000000000003, 0.836], [0.9467, 0.0533], [0.5213, 0.4787], [0.6248, 0.3752], [0.9474, 0.0526], [0.5464, 0.4536], [0.643, 0.357], [0.5192, 0.4808], [0.7746999999999999, 0.2253], [0.5234, 0.4766], [0.7069, 0.2931], [0.6914, 0.3086], [0.1622, 0.8378], [0.3699, 0.6301], [0.573, 0.427], [0.6364000000000001, 0.3636], [0.16810000000000003, 0.8319], [0.8892, 0.1108], [0.9416, 0.0584], [0.39049999999999996, 0.6095], [0.5666, 0.4334], [0.27180000000000004, 0.7282], [0.9514, 0.0486], [0.1886, 0.8114], [0.3226, 0.6774], [0.5087999999999999, 0.4912], [0.5129, 0.4871], [0.9135, 0.0865], [0.6820999999999999, 0.3179], [0.4948, 0.5052], [0.7514000000000001, 0.2486], [0.605, 0.395], [0.40080000000000005, 0.5992], [0.41900000000000004, 0.581], [0.46640000000000004, 0.5336], [0.49650000000000005, 0.5035], [0.35629999999999995, 0.6437], [0.7679, 0.2321], [0.38570000000000004, 0.6143], [0.9114, 0.0886], [0.5895, 0.4105], [0.5679000000000001, 0.4321], [0.6403, 0.3597], [0.2501, 0.7499], [0.39780000000000004, 0.6022], [0.5446, 0.4554], [0.1754, 0.8246], [0.46140000000000003, 0.5386], [0.5671999999999999, 0.4328], [0.9251, 0.0749], [0.9583, 0.0417], [0.6488, 0.3512], [0.9143, 0.0857], [0.15139999999999998, 0.8486], [0.5821000000000001, 0.4179], [0.534, 0.466], [0.19520000000000004, 0.8048], [0.7361, 0.2639], [0.5009, 0.4991], [0.7466999999999999, 0.2533], [0.43989999999999996, 0.5601], [0.5185, 0.4815], [0.5529, 0.4471], [0.26160000000000005, 0.7384], [0.39770000000000005, 0.6023], [0.5032, 0.4968], [0.6867, 0.3133], [0.15610000000000002, 0.8439], [0.1733, 0.8267], [0.40900000000000003, 0.591], [0.6907, 0.3093], [0.841, 0.159], [0.49050000000000005, 0.5095], [0.9339999999999999, 0.066], [0.6740999999999999, 0.3259], [0.6476, 0.3524], [0.8868, 0.1132], [0.5193, 0.4807], [0.5599000000000001, 0.4401], [0.538, 0.462], [0.9243, 0.0757], [0.24360000000000004, 0.7564], [0.5663, 0.4337], [0.21089999999999998, 0.7891], [0.6269, 0.3731], [0.15239999999999998, 0.8476], [0.4599, 0.5401], [0.9202, 0.0798], [0.9364, 0.0636], [0.2583, 0.7417], [0.5615, 0.4385], [0.8897, 0.1103], [0.47540000000000004, 0.5246], [0.4114, 0.5886], [0.7185, 0.2815], [0.1754, 0.8246], [0.3294, 0.6706], [0.3204, 0.6796], [0.7349, 0.2651]], "platform": "qw5q_gold_qblox", "qubit": 2, "depth": 7, "nshots": 10000}