{"nsequences": [25, 25, 25, 25], "sequence_creation_time": [0.01727604866027832, 0.016795635223388672, 0.01826024055480957, 0.017881393432617188], "execution_time": [10.513160467147827, 10.428234815597534, 10.564344882965088, 10.513246536254883], "sequences": [[0, 0, 2, 2, 2, 1, 1], [0, 1, 0, 0, 2, 0, 2], [0, 1, 0, 0, 0, 2, 2], [2, 1, 2, 2, 1, 1, 0], [1, 2, 2, 0, 0, 1, 0], [1, 0, 1, 1, 1, 0, 0], [0, 0, 0, 0, 2, 2, 2], [0, 2, 0, 0, 0, 2, 0], [1, 2, 0, 1, 0, 2, 1], [1, 0, 0, 1, 2, 2, 0], [1, 1, 2, 1, 2, 2, 2], [1, 2, 1, 2, 2, 1, 2], [0, 1, 2, 2, 2, 0, 0], [2, 2, 1, 0, 2, 2, 2], [1, 2, 2, 0, 0, 1, 2], [1, 1, 2, 2, 0, 1, 2], [2, 2, 1, 1, 0, 2, 0], [0, 0, 1, 1, 1, 0, 1], [0, 2, 2, 2, 1, 2, 1], [1, 0, 2, 0, 2, 1, 1], [1, 0, 1, 0, 2, 1, 1], [1, 2, 0, 1, 1, 2, 0], [1, 1, 0, 0, 0, 1, 0], [0, 2, 0, 0, 1, 1, 2], [2, 2, 0, 2, 2, 1, 0], [1, 1, 0, 0, 0, 0, 1], [0, 1, 1, 0, 1, 2, 2], [1, 2, 2, 2, 1, 2, 1], [1, 0, 1, 1, 2, 2, 1], [1, 2, 0, 0, 0, 2, 2], [0, 1, 2, 2, 2, 0, 0], [2, 2, 0, 2, 0, 0, 1], [2, 1, 2, 2, 1, 0, 1], [1, 0, 1, 0, 1, 2, 1], [0, 2, 0, 0, 0, 1, 2], [2, 0, 2, 0, 1, 2, 0], [1, 2, 2, 1, 0, 2, 1], [0, 0, 2, 2, 1, 1, 2], [1, 0, 1, 1, 0, 2, 0], [0, 0, 0, 0, 1, 2, 1], [2, 2, 2, 0, 2, 2, 0], [1, 1, 1, 0, 1, 0, 0], [1, 2, 2, 2, 2, 1, 2], [2, 2, 0, 1, 2, 2, 1], [1, 0, 0, 0, 1, 2, 2], [2, 2, 0, 1, 0, 0, 2], [1, 0, 2, 0, 1, 1, 0], [1, 0, 0, 2, 2, 2, 0], [2, 1, 1, 2, 1, 2, 2], [0, 2, 1, 1, 1, 0, 2], [2, 1, 0, 0, 0, 1, 0], [1, 0, 0, 1, 1, 2, 2], [1, 2, 2, 0, 1, 1, 2], [2, 1, 2, 2, 1, 2, 0], [1, 0, 2, 1, 1, 1, 2], [2, 1, 1, 2, 2, 1, 1], [1, 0, 0, 1, 2, 0, 2], [2, 1, 2, 1, 0, 2, 1], [1, 0, 2, 0, 2, 0, 0], [1, 1, 0, 2, 1, 1, 1], [1, 0, 0, 1, 1, 0, 0], [1, 1, 1, 2, 2, 2, 0], [0, 1, 2, 2, 0, 1, 0], [2, 1, 2, 1, 1, 1, 2], [0, 0, 2, 2, 0, 1, 0], [1, 0, 2, 1, 2, 0, 1], [2, 2, 1, 0, 2, 1, 1], [2, 1, 2, 1, 1, 1, 0], [2, 1, 2, 2, 2, 1, 2], [0, 1, 1, 1, 2, 1, 1], [0, 2, 0, 0, 0, 0, 0], [2, 2, 1, 0, 1, 2, 2], [2, 2, 0, 2, 2, 2, 0], [2, 0, 0, 2, 2, 0, 0], [1, 2, 0, 1, 0, 0, 0], [1, 2, 1, 2, 0, 2, 0], [0, 1, 1, 1, 1, 2, 2], [2, 0, 0, 2, 2, 2, 0], [2, 2, 2, 1, 2, 2, 1], [0, 1, 1, 2, 0, 0, 2], [1, 0, 1, 2, 1, 1, 0], [1, 2, 1, 2, 2, 2, 0], [0, 2, 1, 2, 2, 1, 2], [0, 1, 1, 1, 2, 1, 0], [2, 0, 0, 0, 0, 2, 2], [2, 0, 1, 2, 0, 1, 2], [2, 1, 2, 0, 0, 0, 0], [1, 2, 2, 2, 2, 1, 0], [1, 0, 1, 0, 0, 0, 1], [2, 0, 2, 2, 0, 0, 1], [1, 1, 1, 0, 2, 0, 2], [0, 0, 0, 1, 0, 0, 0], [2, 2, 0, 0, 1, 2, 2], [0, 1, 0, 0, 2, 2, 0], [2, 1, 0, 0, 2, 0, 2], [2, 1, 0, 0, 2, 2, 2], [0, 2, 2, 0, 1, 1, 2], [2, 2, 1, 2, 0, 1, 2], [0, 2, 2, 0, 1, 1, 2], [0, 1, 1, 2, 0, 1, 0]], "hardware_probabilities": [[0.6449, 0.3551], [0.6632, 0.3368], [0.6037, 0.3963], [0.6147, 0.3853], [0.27990000000000004, 0.7201], [0.9332, 0.0668], [0.5696, 0.4304], [0.31179999999999997, 0.6882], [0.5963, 0.4037], [0.902, 0.098], [0.26680000000000004, 0.7332], [0.607, 0.393], [0.6143000000000001, 0.3857], [0.6488, 0.3512], [0.6901999999999999, 0.3098], [0.5858, 0.4142], [0.5416000000000001, 0.4584], [0.9292, 0.0708], [0.6568, 0.3432], [0.4978, 0.5022], [0.5326, 0.4674], [0.6512, 0.3488], [0.6206, 0.3794], [0.27649999999999997, 0.7235], [0.5981000000000001, 0.4019], [0.6114999999999999, 0.3885], [0.5538000000000001, 0.4462], [0.6371, 0.3629], [0.9071, 0.0929], [0.5570999999999999, 0.4429], [0.5987, 0.4013], [0.6762, 0.3238], [0.6301, 0.3699], [0.9015, 0.0985], [0.31299999999999994, 0.687], [0.5676, 0.4324], [0.5967, 0.4033], [0.5356000000000001, 0.4644], [0.6131, 0.3869], [0.24650000000000005, 0.7535], [0.6074999999999999, 0.3925], [0.9334, 0.0666], [0.6434, 0.3566], [0.9068, 0.0932], [0.8729, 0.1271], [0.46599999999999997, 0.534], [0.5016, 0.4984], [0.5041, 0.4959], [0.5474, 0.4526], [0.264, 0.736], [0.4144, 0.5856], [0.5501, 0.4499], [0.5983, 0.4017], [0.9336, 0.0664], [0.581, 0.419], [0.5915, 0.4085], [0.8853, 0.1147], [0.916, 0.084], [0.6836, 0.3164], [0.5903, 0.4097], [0.6044, 0.3956], [0.5437000000000001, 0.4563], [0.2714, 0.7286], [0.6403, 0.3597], [0.5536, 0.4464], [0.587, 0.413], [0.7052, 0.2948], [0.6601, 0.3399], [0.6039, 0.3961], [0.5911, 0.4089], [0.6438999999999999, 0.3561], [0.29269999999999996, 0.7073], [0.6093999999999999, 0.3906], [0.6053999999999999, 0.3946], [0.3187, 0.6813], [0.9231, 0.0769], [0.2721, 0.7279], [0.9178, 0.0822], [0.6084, 0.3916], [0.8956999999999999, 0.1043], [0.5504, 0.4496], [0.5640000000000001, 0.436], [0.924, 0.076], [0.9229, 0.0771], [0.5819, 0.4181], [0.6462, 0.3538], [0.31810000000000005, 0.6819], [0.279, 0.721], [0.6263000000000001, 0.3737], [0.6325000000000001, 0.3675], [0.49570000000000003, 0.5043], [0.636, 0.364], [0.5925, 0.4075], [0.6216999999999999, 0.3783], [0.6531, 0.3469], [0.9039, 0.0961], [0.5419, 0.4581], [0.5476, 0.4524], [0.556, 0.444], [0.6928000000000001, 0.3072]], "platform": "qw5q_gold_qblox", "qubit": 1, "depth": 7, "nshots": 10000}