{"platform": "qw5q_gold_qblox", "qubit": 1, "depth": 7, "nsequences": 100, "nshots": 10000, "execution_times": [1.9920365810394287, 1.3800842761993408, 1.4477405548095703, 1.4536359310150146, 1.4478795528411865, 1.4754083156585693, 1.4765336513519287, 1.459702968597412, 1.4324901103973389, 1.4609849452972412, 1.4514799118041992, 1.4504444599151611, 1.4781949520111084, 1.4640371799468994, 1.4608690738677979, 1.4364793300628662, 1.4625000953674316, 1.4484953880310059, 1.4568521976470947, 1.4315168857574463, 1.4657819271087646, 1.4568712711334229, 1.4466605186462402, 1.442965030670166, 1.4622578620910645, 1.4587016105651855, 1.4486775398254395, 1.465714454650879, 1.4494819641113281, 1.448132038116455, 1.4604032039642334, 1.4431369304656982, 1.4404218196868896, 1.446608543395996, 1.4558355808258057, 1.4544768333435059, 1.4461555480957031, 1.4485969543457031, 1.4471666812896729, 1.4520304203033447, 1.4540987014770508, 1.4595766067504883, 1.4587314128875732, 1.4702816009521484, 1.4396049976348877, 1.4317898750305176, 1.433370590209961, 1.4438951015472412, 1.4424850940704346, 1.4565033912658691, 1.458726406097412, 1.4391844272613525, 1.4420316219329834, 1.4427738189697266, 1.4621198177337646, 1.4530386924743652, 1.4485390186309814, 1.4748096466064453, 1.4795665740966797, 1.4603042602539062, 1.4782204627990723, 1.4532201290130615, 1.4267332553863525, 1.4378886222839355, 1.4711365699768066, 1.424274206161499, 1.454648494720459, 1.4594900608062744, 1.4277348518371582, 1.4568986892700195, 1.4617698192596436, 1.4581990242004395, 1.4731402397155762, 1.4578502178192139, 1.4660212993621826, 1.4497041702270508, 1.458225965499878, 1.4489610195159912, 1.4473071098327637, 1.4390385150909424, 1.4509329795837402, 1.45271635055542, 1.4143903255462646, 1.4129912853240967, 1.4661285877227783, 1.463165283203125, 1.4558024406433105, 1.4545707702636719, 1.437612771987915, 1.4379358291625977, 1.458395004272461, 1.4539210796356201, 1.4759018421173096, 1.450162649154663, 1.453843355178833, 1.4535582065582275, 1.4545612335205078, 1.4517560005187988, 1.4639525413513184, 1.4709084033966064], "sequences": [[1, 0, 0, 1, 2, 2, 0], [0, 2, 1, 2, 0, 0, 0], [0, 2, 1, 1, 2, 0, 0], [0, 2, 2, 0, 1, 2, 1], [1, 0, 0, 0, 2, 2, 2], [2, 1, 1, 2, 1, 2, 2], [2, 1, 2, 2, 1, 1, 2], [0, 2, 2, 2, 2, 2, 0], [2, 0, 2, 2, 0, 0, 0], [1, 2, 1, 0, 1, 0, 1], [1, 2, 0, 0, 2, 0, 1], [0, 2, 1, 1, 2, 0, 0], [1, 2, 0, 1, 2, 2, 1], [0, 2, 1, 1, 1, 0, 2], [2, 0, 2, 1, 0, 2, 2], [0, 0, 1, 0, 2, 0, 0], [1, 2, 0, 1, 1, 0, 1], [1, 2, 2, 0, 0, 0, 2], [2, 1, 1, 0, 1, 0, 2], [0, 0, 1, 0, 0, 1, 0], [1, 1, 0, 1, 1, 1, 2], [2, 0, 1, 2, 0, 1, 2], [0, 2, 1, 0, 0, 1, 1], [0, 2, 0, 2, 1, 0, 0], [2, 1, 2, 0, 1, 0, 2], [1, 0, 1, 1, 0, 2, 1], [0, 1, 2, 0, 0, 1, 1], [2, 1, 0, 1, 2, 1, 2], [2, 0, 0, 2, 1, 0, 1], [2, 0, 1, 0, 2, 0, 2], [1, 1, 1, 2, 0, 2, 1], [0, 0, 0, 2, 1, 0, 2], [1, 2, 0, 0, 1, 0, 0], [1, 2, 1, 0, 2, 0, 0], [0, 0, 1, 2, 1, 2, 1], [1, 2, 1, 0, 1, 1, 0], [0, 0, 1, 0, 1, 1, 1], [0, 2, 1, 0, 0, 2, 2], [1, 0, 0, 1, 0, 1, 2], [0, 0, 2, 2, 0, 1, 1], [2, 0, 1, 1, 2, 0, 1], [2, 2, 0, 2, 0, 1, 1], [1, 2, 1, 1, 0, 2, 0], [2, 2, 2, 2, 2, 1, 1], [2, 1, 0, 0, 0, 0, 1], [0, 0, 0, 2, 0, 2, 0], [0, 2, 0, 0, 1, 0, 0], [2, 1, 0, 0, 0, 0, 2], [0, 0, 1, 0, 2, 1, 1], [2, 2, 0, 2, 0, 1, 2], [1, 0, 0, 1, 2, 2, 1], [0, 0, 0, 1, 2, 2, 0], [0, 0, 0, 2, 2, 0, 2], [2, 1, 1, 0, 0, 0, 0], [0, 2, 1, 1, 2, 2, 1], [1, 0, 1, 0, 2, 1, 0], [2, 2, 1, 0, 0, 1, 0], [1, 1, 1, 2, 1, 2, 2], [2, 2, 1, 1, 1, 1, 1], [2, 2, 0, 1, 2, 2, 1], [1, 2, 1, 1, 0, 1, 1], [0, 2, 0, 2, 0, 2, 2], [2, 2, 0, 0, 0, 0, 2], [2, 0, 0, 1, 0, 0, 1], [1, 2, 2, 1, 1, 1, 2], [0, 2, 0, 0, 1, 0, 0], [1, 2, 1, 2, 0, 2, 0], [0, 0, 1, 2, 2, 1, 2], [0, 1, 0, 2, 0, 0, 0], [1, 1, 0, 0, 1, 1, 2], [2, 1, 0, 2, 0, 2, 2], [1, 0, 1, 1, 0, 1, 2], [2, 1, 1, 1, 1, 1, 2], [0, 1, 1, 0, 1, 2, 2], [1, 2, 2, 1, 2, 0, 1], [2, 1, 0, 0, 2, 1, 0], [2, 1, 2, 2, 0, 0, 1], [0, 1, 2, 0, 1, 2, 0], [0, 0, 2, 2, 1, 1, 0], [2, 1, 1, 0, 0, 0, 0], [2, 0, 1, 1, 0, 1, 0], [0, 1, 1, 0, 2, 2, 2], [0, 0, 0, 0, 0, 1, 2], [1, 2, 1, 2, 1, 2, 1], [1, 2, 2, 1, 2, 2, 0], [2, 0, 2, 2, 1, 1, 1], [2, 2, 0, 2, 0, 1, 2], [1, 0, 0, 1, 2, 2, 2], [0, 1, 2, 0, 0, 2, 0], [0, 2, 2, 0, 0, 2, 1], [0, 2, 1, 0, 1, 2, 2], [2, 0, 0, 1, 1, 1, 2], [1, 2, 2, 1, 2, 1, 1], [2, 2, 1, 2, 0, 0, 0], [1, 1, 2, 0, 1, 1, 0], [0, 1, 2, 0, 1, 2, 1], [0, 0, 1, 2, 2, 1, 2], [1, 0, 0, 2, 2, 1, 0], [2, 1, 2, 1, 0, 1, 2], [0, 2, 2, 2, 1, 1, 2]], "hardware_probabilities": [[0.8854, 0.1146], [0.29969999999999997, 0.7003], [0.2844, 0.7156], [0.8934, 0.1066], [0.4367, 0.5633], [0.5308999999999999, 0.4691], [0.9035, 0.0965], [0.6032, 0.3968], [0.5962000000000001, 0.4038], [0.8934, 0.1066], [0.27890000000000004, 0.7211], [0.28159999999999996, 0.7184], [0.5569, 0.4431], [0.2549, 0.7451], [0.62, 0.38], [0.7039, 0.2961], [0.907, 0.093], [0.7125, 0.2875], [0.2653, 0.7347], [0.28559999999999997, 0.7144], [0.644, 0.356], [0.6343, 0.3657], [0.5574, 0.4426], [0.4969, 0.5031], [0.5557000000000001, 0.4443], [0.9046, 0.0954], [0.5268999999999999, 0.4731], [0.6226, 0.3774], [0.8612, 0.1388], [0.6824, 0.3176], [0.891, 0.109], [0.25960000000000005, 0.7404], [0.30679999999999996, 0.6932], [0.6452, 0.3548], [0.5686, 0.4314], [0.8959, 0.1041], [0.9184, 0.0816], [0.624, 0.376], [0.6847, 0.3153], [0.8896, 0.1104], [0.633, 0.367], [0.6295, 0.3705], [0.5536, 0.4464], [0.5049, 0.4951], [0.35550000000000004, 0.6445], [0.2679, 0.7321], [0.4578, 0.5422], [0.3328, 0.6672], [0.47109999999999996, 0.5289], [0.8959, 0.1041], [0.6008, 0.3992], [0.6385000000000001, 0.3615], [0.5779000000000001, 0.4221], [0.5550999999999999, 0.4449], [0.6298, 0.3702], [0.6363, 0.3637], [0.8724000000000001, 0.1276], [0.26780000000000004, 0.7322], [0.5213, 0.4787], [0.8956, 0.1044], [0.6306, 0.3694], [0.8961, 0.1039], [0.5972, 0.4028], [0.4344, 0.5656], [0.5261, 0.4739], [0.4679, 0.5321], [0.911, 0.089], [0.5844, 0.4156], [0.7129, 0.2871], [0.5946, 0.4054], [0.8898, 0.1102], [0.6074999999999999, 0.3925], [0.26370000000000005, 0.7363], [0.5374, 0.4626], [0.6262, 0.3738], [0.44020000000000004, 0.5598], [0.6657, 0.3343], [0.6806, 0.3194], [0.914, 0.086], [0.5611999999999999, 0.4388], [0.585, 0.415], [0.5238, 0.4762], [0.65, 0.35], [0.591, 0.409], [0.91, 0.09], [0.6764, 0.3236], [0.8976999999999999, 0.1023], [0.4317, 0.5683], [0.7201, 0.2799], [0.5795, 0.4205], [0.6955, 0.3045], [0.27480000000000004, 0.7252], [0.6283000000000001, 0.3717], [0.5547, 0.4453], [0.587, 0.413], [0.5752999999999999, 0.4247], [0.5815, 0.4185], [0.2662, 0.7338], [0.5412, 0.4588], [0.91, 0.09]]}