{"platform": "qw5q_gold_qblox", "qubit": 3, "depth": 7, "nsequences": 100, "nshots": 10000, "execution_times": [2.1084232330322266, 1.4837000370025635, 1.4530770778656006, 1.465895414352417, 1.443899154663086, 1.459202527999878, 1.4425067901611328, 1.4415221214294434, 1.469850778579712, 1.4753310680389404, 1.469311237335205, 1.4516518115997314, 1.4574987888336182, 1.458268165588379, 1.4681777954101562, 1.4700860977172852, 1.4737439155578613, 1.4687778949737549, 1.476644515991211, 1.4621193408966064, 1.4520959854125977, 1.4592602252960205, 1.4500932693481445, 1.4580321311950684, 1.4592008590698242, 1.4613494873046875, 1.4478905200958252, 1.476024866104126, 1.4509735107421875, 1.4675261974334717, 1.469059705734253, 1.4621493816375732, 1.4695355892181396, 1.469069480895996, 1.4570326805114746, 1.4739158153533936, 1.473226547241211, 1.4524750709533691, 1.4566564559936523, 1.4863076210021973, 1.4598102569580078, 1.4675066471099854, 1.4569892883300781, 1.4660391807556152, 1.4663670063018799, 1.4600770473480225, 1.471083641052246, 1.4740047454833984, 1.4660403728485107, 1.460601806640625, 1.4511182308197021, 1.4432041645050049, 1.4669854640960693, 1.4816572666168213, 1.4761226177215576, 1.459496021270752, 1.4750585556030273, 1.4692142009735107, 1.4846842288970947, 1.451495885848999, 1.4294047355651855, 1.384976863861084, 1.4009790420532227, 1.4759929180145264, 1.4675633907318115, 1.4569783210754395, 1.4723765850067139, 1.4790925979614258, 1.4653489589691162, 1.4696614742279053, 1.4681565761566162, 1.4679181575775146, 1.4590532779693604, 1.4756569862365723, 1.4687321186065674, 1.4566452503204346, 1.4830493927001953, 1.4694678783416748, 1.4741604328155518, 1.4674837589263916, 1.4572570323944092, 1.4666674137115479, 1.4829366207122803, 1.466151475906372, 1.458489179611206, 1.4580178260803223, 1.467517375946045, 1.4655709266662598, 1.4600653648376465, 1.452953577041626, 1.47320556640625, 1.4491541385650635, 1.4762415885925293, 1.4617841243743896, 1.4830303192138672, 1.4623403549194336, 1.451063632965088, 1.4583380222320557, 1.4731228351593018, 1.4516987800598145], "sequences": [[2, 0, 0, 0, 1, 2, 1], [2, 1, 2, 2, 2, 2, 2], [0, 0, 2, 2, 1, 0, 0], [2, 1, 2, 0, 0, 2, 0], [2, 0, 0, 0, 0, 0, 2], [0, 2, 0, 2, 2, 1, 0], [0, 1, 0, 2, 0, 0, 0], [0, 0, 0, 1, 0, 2, 0], [1, 2, 2, 0, 2, 2, 0], [1, 1, 2, 1, 1, 1, 0], [0, 1, 1, 1, 2, 2, 0], [0, 0, 0, 1, 2, 0, 2], [0, 2, 1, 0, 2, 0, 1], [2, 1, 0, 1, 1, 0, 0], [0, 1, 2, 2, 0, 1, 1], [1, 0, 1, 2, 0, 1, 2], [1, 2, 2, 2, 0, 1, 1], [1, 1, 0, 2, 2, 1, 1], [1, 2, 1, 1, 0, 2, 2], [2, 0, 1, 0, 1, 1, 0], [0, 2, 0, 1, 0, 2, 0], [0, 1, 0, 2, 1, 0, 1], [2, 1, 0, 1, 0, 0, 0], [1, 0, 0, 2, 2, 0, 1], [0, 0, 0, 2, 1, 1, 1], [0, 2, 1, 1, 1, 2, 0], [0, 0, 2, 1, 0, 0, 2], [0, 2, 1, 2, 1, 1, 2], [1, 0, 0, 0, 0, 1, 1], [0, 1, 1, 1, 1, 0, 2], [1, 0, 1, 2, 1, 2, 0], [2, 0, 1, 0, 0, 1, 1], [2, 2, 2, 1, 0, 0, 2], [2, 2, 0, 1, 0, 2, 1], [1, 2, 0, 0, 1, 0, 1], [1, 1, 1, 1, 0, 1, 2], [1, 2, 0, 2, 1, 2, 1], [0, 0, 2, 0, 2, 0, 2], [2, 1, 2, 0, 0, 0, 1], [2, 2, 1, 1, 2, 2, 1], [2, 0, 0, 2, 1, 2, 0], [1, 2, 0, 0, 1, 1, 2], [2, 0, 0, 2, 2, 0, 1], [2, 1, 2, 1, 2, 0, 0], [1, 2, 0, 0, 2, 0, 2], [0, 2, 0, 0, 2, 1, 2], [1, 0, 0, 2, 1, 1, 2], [2, 1, 0, 1, 2, 1, 2], [1, 2, 2, 2, 0, 1, 0], [1, 2, 0, 0, 0, 1, 1], [0, 0, 0, 0, 2, 1, 1], [0, 0, 1, 0, 2, 0, 0], [2, 0, 2, 0, 1, 1, 1], [2, 2, 1, 2, 2, 2, 2], [1, 2, 1, 1, 2, 1, 0], [2, 0, 0, 0, 2, 2, 1], [1, 2, 1, 2, 2, 1, 0], [0, 2, 1, 0, 2, 2, 2], [1, 1, 1, 2, 1, 2, 2], [2, 0, 1, 1, 0, 0, 0], [0, 2, 0, 2, 0, 2, 2], [2, 1, 1, 2, 1, 1, 2], [0, 1, 1, 2, 2, 0, 1], [2, 2, 2, 2, 2, 0, 1], [1, 1, 2, 0, 1, 2, 0], [1, 2, 0, 2, 0, 0, 1], [2, 2, 2, 1, 0, 2, 1], [1, 2, 0, 2, 2, 1, 1], [0, 1, 2, 1, 1, 2, 0], [2, 0, 1, 2, 1, 0, 2], [0, 2, 2, 1, 1, 0, 2], [0, 1, 1, 1, 1, 0, 1], [1, 0, 0, 0, 2, 2, 1], [1, 2, 2, 2, 0, 2, 2], [2, 2, 2, 0, 2, 1, 0], [2, 0, 0, 2, 0, 1, 1], [1, 2, 1, 2, 1, 2, 1], [0, 2, 2, 0, 2, 1, 1], [2, 2, 2, 1, 2, 0, 2], [1, 1, 2, 0, 0, 2, 2], [0, 1, 2, 1, 0, 0, 2], [1, 1, 2, 2, 0, 0, 1], [2, 1, 2, 1, 2, 1, 2], [2, 0, 2, 1, 0, 1, 2], [0, 0, 0, 2, 2, 2, 1], [2, 0, 1, 0, 2, 1, 0], [1, 2, 2, 0, 1, 0, 1], [1, 0, 0, 1, 1, 2, 2], [1, 0, 1, 2, 2, 0, 0], [0, 0, 2, 1, 0, 0, 2], [0, 2, 2, 2, 2, 1, 2], [1, 2, 0, 0, 1, 0, 0], [2, 0, 2, 2, 1, 1, 1], [1, 1, 2, 0, 0, 0, 2], [1, 2, 1, 1, 2, 2, 2], [2, 1, 0, 0, 0, 2, 1], [0, 1, 0, 2, 0, 2, 0], [2, 0, 2, 1, 1, 0, 0], [1, 1, 1, 0, 1, 1, 1], [0, 2, 0, 0, 2, 2, 0]], "hardware_probabilities": [[0.5599000000000001, 0.4401], [0.11839999999999995, 0.8816], [0.5684, 0.4316], [0.49839999999999995, 0.5016], [0.13429999999999997, 0.8657], [0.5477000000000001, 0.4523], [0.4777, 0.5223], [0.47419999999999995, 0.5258], [0.523, 0.477], [0.5276000000000001, 0.4724], [0.5498000000000001, 0.4502], [0.4716, 0.5284], [0.5767, 0.4233], [0.5255000000000001, 0.4745], [0.5526, 0.4474], [0.9257, 0.0743], [0.5222, 0.4778], [0.11780000000000002, 0.8822], [0.5159, 0.4841], [0.5037, 0.4963], [0.1189, 0.8811], [0.5822, 0.4178], [0.5873999999999999, 0.4126], [0.10599999999999998, 0.894], [0.5166, 0.4834], [0.11019999999999996, 0.8898], [0.10999999999999999, 0.89], [0.5078, 0.4922], [0.5162, 0.4838], [0.5179, 0.4821], [0.9409, 0.0591], [0.4837, 0.5163], [0.9256, 0.0744], [0.9241, 0.0759], [0.5543, 0.4457], [0.4908, 0.5092], [0.5570999999999999, 0.4429], [0.5262, 0.4738], [0.5731999999999999, 0.4268], [0.5106999999999999, 0.4893], [0.5562, 0.4438], [0.48250000000000004, 0.5175], [0.5541, 0.4459], [0.5267, 0.4733], [0.4831, 0.5169], [0.5582, 0.4418], [0.5089, 0.4911], [0.49460000000000004, 0.5054], [0.12439999999999996, 0.8756], [0.5407, 0.4593], [0.5613, 0.4387], [0.47430000000000005, 0.5257], [0.45799999999999996, 0.542], [0.5639000000000001, 0.4361], [0.9358, 0.0642], [0.605, 0.395], [0.5166999999999999, 0.4833], [0.9363, 0.0637], [0.11650000000000005, 0.8835], [0.5705, 0.4295], [0.9281, 0.0719], [0.521, 0.479], [0.4817, 0.5183], [0.5771, 0.4229], [0.9279, 0.0721], [0.11839999999999995, 0.8816], [0.45130000000000003, 0.5487], [0.5324, 0.4676], [0.5285, 0.4715], [0.5125, 0.4875], [0.5565, 0.4435], [0.5185, 0.4815], [0.13249999999999995, 0.8675], [0.49260000000000004, 0.5074], [0.5116, 0.4884], [0.9084, 0.0916], [0.5202, 0.4798], [0.47819999999999996, 0.5218], [0.5122, 0.4878], [0.5352, 0.4648], [0.4958, 0.5042], [0.484, 0.516], [0.5159, 0.4841], [0.5811, 0.4189], [0.5203, 0.4797], [0.5819, 0.4181], [0.5692999999999999, 0.4307], [0.5654, 0.4346], [0.9356, 0.0644], [0.11729999999999996, 0.8827], [0.47550000000000003, 0.5245], [0.13180000000000003, 0.8682], [0.45699999999999996, 0.543], [0.9187, 0.0813], [0.5590999999999999, 0.4409], [0.6472, 0.3528], [0.44510000000000005, 0.5549], [0.9272, 0.0728], [0.11529999999999996, 0.8847], [0.5239, 0.4761]]}