{"nsequences": [25, 25, 25, 25], "sequence_creation_time": [0.017200469970703125, 0.017891883850097656, 0.017369985580444336, 0.017954349517822266], "execution_time": [10.488488674163818, 10.568073272705078, 10.529351949691772, 10.566150903701782], "sequences": [[0, 0, 0, 1, 0, 2, 2], [1, 2, 0, 0, 0, 0, 2], [1, 1, 0, 0, 0, 0, 1], [1, 1, 1, 2, 2, 1, 1], [0, 1, 2, 0, 1, 1, 0], [1, 2, 0, 2, 2, 1, 1], [1, 0, 1, 2, 2, 1, 0], [0, 0, 0, 1, 2, 2, 0], [0, 1, 1, 0, 2, 0, 1], [1, 0, 0, 0, 0, 2, 1], [0, 2, 1, 1, 2, 1, 1], [2, 1, 0, 1, 1, 2, 1], [2, 1, 0, 0, 1, 2, 1], [2, 0, 0, 2, 2, 2, 1], [1, 0, 2, 0, 0, 2, 2], [1, 1, 1, 0, 0, 0, 0], [1, 2, 0, 0, 1, 2, 1], [0, 2, 1, 1, 1, 2, 2], [0, 1, 1, 0, 1, 1, 2], [0, 0, 2, 2, 0, 0, 2], [0, 2, 1, 1, 2, 0, 2], [0, 0, 2, 0, 2, 2, 2], [1, 2, 2, 0, 2, 2, 0], [1, 0, 0, 1, 0, 2, 0], [1, 0, 1, 1, 0, 2, 1], [2, 2, 0, 1, 0, 1, 1], [1, 0, 2, 1, 1, 1, 1], [1, 1, 0, 0, 0, 0, 2], [2, 2, 1, 0, 2, 2, 2], [0, 0, 0, 2, 0, 1, 0], [1, 1, 1, 1, 1, 0, 0], [1, 1, 2, 1, 0, 1, 0], [1, 0, 0, 2, 0, 0, 2], [2, 2, 0, 1, 0, 2, 0], [1, 2, 1, 2, 1, 2, 0], [0, 0, 1, 2, 1, 0, 0], [0, 2, 2, 1, 2, 1, 2], [2, 2, 1, 1, 2, 1, 1], [2, 2, 1, 2, 2, 1, 1], [1, 1, 2, 0, 1, 1, 2], [2, 2, 2, 1, 0, 1, 0], [2, 1, 1, 0, 0, 1, 2], [2, 0, 2, 1, 1, 1, 0], [2, 1, 0, 0, 0, 0, 2], [2, 1, 2, 0, 1, 0, 1], [1, 1, 0, 0, 0, 1, 2], [1, 1, 1, 0, 1, 0, 2], [0, 1, 1, 2, 1, 1, 2], [0, 1, 2, 0, 2, 0, 1], [2, 0, 1, 2, 1, 0, 1], [2, 2, 0, 1, 0, 2, 2], [2, 2, 0, 1, 0, 2, 1], [1, 0, 0, 0, 2, 0, 1], [1, 2, 2, 0, 2, 2, 0], [1, 0, 2, 2, 0, 2, 2], [0, 2, 0, 2, 1, 1, 1], [1, 0, 0, 1, 1, 0, 1], [1, 2, 2, 2, 0, 0, 2], [0, 2, 0, 2, 2, 2, 1], [2, 2, 1, 0, 1, 1, 1], [2, 0, 0, 2, 2, 0, 0], [0, 2, 1, 0, 2, 1, 0], [0, 2, 2, 1, 0, 1, 1], [1, 0, 0, 0, 2, 0, 2], [1, 0, 2, 2, 0, 2, 0], [0, 0, 2, 1, 0, 1, 1], [1, 1, 0, 1, 2, 1, 0], [0, 1, 1, 2, 1, 0, 0], [0, 1, 0, 1, 2, 0, 0], [2, 0, 2, 2, 1, 2, 1], [0, 0, 1, 2, 1, 1, 1], [1, 1, 1, 2, 1, 2, 0], [0, 1, 0, 0, 2, 0, 2], [1, 0, 2, 1, 1, 1, 2], [1, 2, 1, 1, 2, 2, 2], [1, 0, 2, 0, 0, 0, 1], [2, 0, 0, 2, 0, 1, 1], [1, 1, 0, 2, 1, 1, 1], [0, 2, 2, 2, 2, 2, 2], [1, 2, 0, 2, 1, 0, 1], [2, 2, 2, 2, 2, 2, 2], [1, 0, 1, 2, 2, 1, 0], [1, 2, 1, 2, 0, 1, 0], [1, 0, 2, 2, 0, 0, 1], [2, 1, 0, 2, 0, 0, 2], [0, 0, 1, 1, 2, 1, 0], [2, 2, 1, 0, 1, 2, 1], [1, 1, 0, 0, 2, 0, 1], [1, 1, 0, 1, 1, 1, 1], [0, 0, 2, 1, 1, 2, 1], [0, 0, 0, 2, 2, 1, 1], [2, 1, 1, 0, 0, 1, 0], [2, 2, 0, 1, 2, 1, 2], [0, 1, 0, 2, 2, 0, 1], [2, 0, 1, 1, 0, 1, 2], [0, 1, 0, 1, 0, 1, 2], [1, 2, 1, 2, 2, 0, 2], [2, 1, 0, 0, 0, 0, 0], [1, 1, 1, 2, 2, 2, 2], [1, 0, 2, 2, 1, 2, 2]], "hardware_probabilities": [[0.49960000000000004, 0.5004], [0.4213, 0.5787], [0.5625, 0.4375], [0.519, 0.481], [0.5831999999999999, 0.4168], [0.5642, 0.4358], [0.5146, 0.4854], [0.5146, 0.4854], [0.497, 0.503], [0.1451, 0.8549], [0.9527, 0.0473], [0.5101, 0.4899], [0.5427, 0.4573], [0.5827, 0.4173], [0.5538000000000001, 0.4462], [0.5706, 0.4294], [0.5469999999999999, 0.453], [0.5507, 0.4493], [0.5283, 0.4717], [0.5656, 0.4344], [0.508, 0.492], [0.952, 0.048], [0.5346, 0.4654], [0.4666, 0.5334], [0.9532, 0.0468], [0.4787, 0.5213], [0.4485, 0.5515], [0.5162, 0.4838], [0.513, 0.487], [0.595, 0.405], [0.5145, 0.4855], [0.5049, 0.4951], [0.45299999999999996, 0.547], [0.6113999999999999, 0.3886], [0.9544, 0.0456], [0.12849999999999995, 0.8715], [0.5187999999999999, 0.4812], [0.5335, 0.4665], [0.5409999999999999, 0.459], [0.954, 0.046], [0.4649, 0.5351], [0.11580000000000001, 0.8842], [0.4554, 0.5446], [0.14680000000000004, 0.8532], [0.9383, 0.0617], [0.5351, 0.4649], [0.5543, 0.4457], [0.9524, 0.0476], [0.12129999999999996, 0.8787], [0.9422, 0.0578], [0.5305, 0.4695], [0.9378, 0.0622], [0.1372, 0.8628], [0.534, 0.466], [0.5172, 0.4828], [0.45609999999999995, 0.5439], [0.9482, 0.0518], [0.49, 0.51], [0.5602, 0.4398], [0.1261, 0.8739], [0.5514, 0.4486], [0.6148, 0.3852], [0.46509999999999996, 0.5349], [0.4767, 0.5233], [0.5413, 0.4587], [0.5277000000000001, 0.4723], [0.9456, 0.0544], [0.5257000000000001, 0.4743], [0.49839999999999995, 0.5016], [0.4727, 0.5273], [0.9509, 0.0491], [0.5422, 0.4578], [0.4796, 0.5204], [0.5241, 0.4759], [0.5607, 0.4393], [0.13390000000000002, 0.8661], [0.9315, 0.0685], [0.5157, 0.4843], [0.1291, 0.8709], [0.6013999999999999, 0.3986], [0.5983, 0.4017], [0.5046999999999999, 0.4953], [0.5284, 0.4716], [0.12329999999999997, 0.8767], [0.5268999999999999, 0.4731], [0.532, 0.468], [0.5066999999999999, 0.4933], [0.5038, 0.4962], [0.12829999999999997, 0.8717], [0.5454, 0.4546], [0.9513, 0.0487], [0.5823, 0.4177], [0.5079, 0.4921], [0.11619999999999997, 0.8838], [0.118, 0.882], [0.5095000000000001, 0.4905], [0.5383, 0.4617], [0.5962000000000001, 0.4038], [0.5593, 0.4407], [0.9528, 0.0472]], "platform": "qw5q_gold_qblox", "qubit": 3, "depth": 7, "nshots": 10000}